{
  "shoulder_pan.pos": 1.7,
  "shoulder_lift.pos": -99.0,
  "elbow_flex.pos": 99.0,
  "wrist_flex.pos": 40.0,
  "wrist_roll.pos": -5.543345543345552,
  "gripper.pos": 0.9399855386840202
}